cell_id,cluster_label,gene_000,gene_001,gene_002,gene_003,gene_004,gene_005,gene_006,gene_007,gene_008,gene_009,gene_010,gene_011,gene_012,gene_013,gene_014,gene_015,gene_016,gene_017,gene_018,gene_019
cell_000,0,0.8154975920577119,-4.984818818667505,-3.72273582879194,-3.6338755137427428,1.9105230118866445,2.0996036650424497,4.876590295003092,-4.145385124236808,-0.5716903797874532,-4.5676523107815115,-1.9458273612010832,0.7682370400241889,-4.515685650835329,-3.8203789358897646,2.2215526292709074,0.7542525083967682,-1.8140405398216568,0.8687315646141168,4.656785306365343,-5.2221134754768475
cell_001,1,4.332640849738514,2.0734891279680547,-2.0105100422164837,-4.347963300116101,4.451306280836742,-0.4953977279399848,-3.4194419689067383,-3.4817291402525576,1.5742456050016393,1.6060316773249421,3.515964661479675,1.857376839413917,-0.13962657839730974,4.729309278342841,0.1652447826025205,-0.32367424680558976,2.951802614740921,2.274625323922928,3.2601483635655724,0.48212027187886825
cell_002,2,2.1239394399801763,-5.534787664751934,-2.545060899364521,-3.073814441557836,-3.4939215824772094,-2.6695464781833067,-2.163240532424508,-1.995591558074251,2.449396034990201,-2.394289387673049,-1.3959018036486661,-2.6464131690738406,-0.9336450448120273,3.021813126708169,2.2728495963129935,1.5643932677226153,-2.061776561428526,2.8611763939664683,-3.3243181142975575,-1.6227653027580495
cell_003,3,3.896689732091777,1.5563358104633052,0.4161400225502135,3.4623563803624595,2.9396993395102182,3.016312591626538,-3.96472041609954,-4.995367623620566,-1.6365512153363018,-1.6634232302273686,-1.7316902146742545,4.393778602287129,2.8698803614779798,-1.486940872421989,1.9679763316798347,-0.6503543151227418,3.585245738065648,0.4952260439434988,-2.2808816062958632,-1.9738652256873768
cell_004,0,2.4135265766543954,-4.262474591320649,-2.020493993923391,-1.045656430431353,2.5596745744178446,1.5302234880114476,4.011369307114878,-2.9443967389561303,-0.6858118136378553,-4.286525681507927,-1.8570350996982357,-0.3567340071478399,-6.1158961185642795,-2.7720849713603624,1.682632213414407,-0.0369933368164852,-2.0987246747590995,1.3787107403467436,2.298310629498733,-4.520437648002428
cell_005,1,2.901308551206019,0.7949737337164438,-1.2351346483673065,-3.4813767032256973,3.9759044027159174,-1.2156980793563337,-3.682066948444618,-4.4948659788207985,3.7952254159023395,1.8493122626228664,2.50114942419524,2.6020298888594526,0.36448551493205283,6.543965888314413,-2.7044986045390145,1.07663345785744,3.0490506267049766,1.1050394845785945,5.138340184214388,0.7666629315589851
cell_006,2,3.838473325169689,-4.895474535774214,-2.440607610406044,-2.4987983653188417,-4.754630640858032,-2.6221046352284727,-4.2160429261819905,-2.0582707017099366,-0.3271778515353292,0.2502959405885221,-1.431787855856197,-1.5106052872979288,-3.135911480394049,4.600574440904355,4.012307533647444,0.39552671018485075,-4.484853336505642,1.8540603512341796,-2.9879843205226315,-0.6507735503744849
cell_007,3,5.9275268567830945,1.1943876798262765,-0.7123031698537794,1.4981186663186774,4.420697357739503,3.1325292379994814,-4.275070308658959,-4.707038770310148,-0.726935046351477,-0.6213527306826245,-2.440822253108913,4.676538993590146,2.771511730338106,-2.527815491189225,1.5919193389537325,-0.6411227967425344,4.609623250301246,-0.7940483182333204,-3.2727521177582877,-3.155950395940096
cell_008,0,0.46868846917102824,-4.235165101562136,-4.099531701145336,-3.034515038999367,2.7246148073210934,2.984605053961065,3.9788354170892317,-3.329584522094551,-1.0999850605721693,-5.297550994844969,-3.353134682713939,1.2754215065550896,-3.939263388043167,-2.6217051519634227,4.163059468644649,0.4235417080112468,-2.299314058769992,1.1387300808058967,2.9167960146789382,-3.082075325002176
cell_009,1,4.26347636075777,0.8618102421858249,-1.9173718926482537,-3.1025357711875547,5.198677294101449,-2.712812204724436,-5.876990835815963,-5.557929806674786,3.4180544928016223,0.9546977704371692,3.3474582336354133,1.6815780446349318,-0.6171092261778428,3.112721593730226,-0.9513063409185156,0.816449479522491,4.088441578814518,1.8178340740258467,3.4644965383582185,1.8529302227704088
cell_010,2,1.9366248329279954,-5.070425272497835,-3.137479998127386,-2.5739696797432434,-5.9346696063639985,-2.5470302940010847,-3.790077232492976,-2.5100766176047573,0.7857712665748703,-1.0542351508149364,0.07530614120697887,-2.874325570281138,-2.7363286652766314,3.8933881151865957,1.4245487019498055,0.07949759983672822,-3.3888220685774937,2.340213790972917,-1.890232112167764,-0.45066657113282194
cell_011,3,5.722456894885857,0.8296387656615367,1.105434672335457,0.9346365302588123,3.678087759250792,3.094988923797535,-3.3226468132087454,-3.079493716830431,-1.3915705892086505,-3.84477388255858,-2.4478836548600884,4.103167688238538,3.76477723737973,-1.4806093592838745,1.8668127867980338,-2.67500206382105,3.218820102514567,0.20661785273366196,-1.310234935636043,-1.0112026137301648
cell_012,0,2.8368025755013218,-6.394321731477714,-1.6341211195596468,-4.300924779403855,3.6555927244737205,1.9696743964867514,3.0088606466668226,-2.5226909160329267,-0.26560510691459815,-6.214946916780475,-2.57884575799547,-0.5313590450986807,-4.645603919185172,-3.383779184777806,2.5976394868101553,-0.6892143045146932,-2.5416696449839,2.3440075112390693,2.4327363276020493,-4.766493462372815
cell_013,1,3.2197938310881407,1.429632198779398,-1.0791799366078791,-3.3675647764342678,3.8171167182413126,-0.22444166495465123,-3.4392495689266793,-4.1665217876833855,2.965603849519827,0.40977021590049,4.056035510792244,2.18013527930574,0.7298314776388117,4.583592279079357,-0.7215286520625787,0.42762300863156305,3.9051297405116046,1.0386287957852374,4.28073884080259,1.3114287400473308
cell_014,2,1.9524305216202904,-5.229577955784647,-3.473113235919576,-2.698709820091545,-4.989670345391573,-1.979453999386457,-4.027267555911031,-0.9641831868410544,3.180308304808114,-1.3323002334413685,-2.536604090705872,-3.2100925175173485,-2.390500513042021,3.175792001002699,1.279959230623494,1.3208671039833897,-3.656155794976931,1.676527241173207,-3.9729804700309637,0.22390140186400798
cell_015,3,4.7675166421278,0.7360535067940772,0.27117872519036185,2.6096174763350417,2.8807687666640502,3.145476962927911,-2.1272113212391957,-4.079703295198843,-0.7257137824518607,-2.762976823952099,-1.9839852743911375,3.794814263501449,3.4464443631273083,-0.8963514535669288,2.2122869754377414,-1.0420029489146319,3.1923448365815323,0.037846387548648,-2.85549649460606,-3.272832785628096
cell_016,0,0.875760581035959,-4.552697215852976,-3.9465325006540164,-2.479282095942181,2.5038398374080786,1.2993737522795077,4.751337511808739,-3.641459334751633,-1.2658091195194168,-5.238041103036036,-2.2574990715944234,-1.1593059664992356,-5.000738246964652,-3.5164607151132556,1.5547463655184015,0.6183160239447782,-2.766163447621609,1.8005352997346193,3.2767549944838725,-5.187006204193164
cell_017,1,2.089508592282014,2.5588737873684533,-1.1749775981387305,-2.2845573659647824,3.9741668553063647,-1.6129201168051832,-4.119495724273672,-4.102924919065013,3.4832558325362886,-0.33437127855625937,3.731271159964323,2.819882564003753,1.26665963523406,6.530817132989186,-1.4698299828250796,0.49149177158722057,3.301873494628621,2.738945884209226,2.2320932249198266,1.162135828733539
cell_018,2,0.8690532681904843,-6.607012789141927,-4.337683476674881,-3.2115352085456266,-3.346859879227164,-3.3667794667623134,-4.171951833327843,-3.151074177042994,1.8456048252237982,-2.2332474298998086,-0.2440685880270419,-3.6994140236989486,-2.9420837298917664,4.464738713446885,1.5001228291282258,2.2310621276721903,-3.1922876875444937,1.3250005488147925,-3.8142432816577685,-1.663672737117789
cell_019,3,5.475267283270946,1.7070320055906967,0.4739846193367527,2.5418282859014543,3.005722068155481,2.651012116812768,-2.5649109568923265,-3.4564525347477995,-1.9242960636680546,-2.6032303672947608,-3.726841194306568,4.9779388900037125,3.2935599653290564,-1.5782731777209014,0.03309874063703022,-0.2091314223413483,3.079925683014552,-1.0333553649863447,-1.5043334271373636,-3.601301511839674
cell_020,0,1.3307039562802498,-4.690487582908938,-3.048552266975082,-1.6935462172717939,3.563734783499658,0.18970087135315117,2.76260343912965,-3.484025911711433,-1.823201111441147,-5.012937688472914,-2.7099785812969004,0.6070329468843122,-4.913242378690412,-2.9354467572918845,0.8774580439148473,1.4833040847792807,-3.1918448651144598,1.1644431488198903,2.684994097511679,-4.849953610631842
cell_021,1,2.923662034808107,1.8514226126301856,-2.4085195213884787,-2.8080747664917554,5.7033646554584205,-1.4395360706501859,-3.4866733472003486,-3.362381927090497,4.217332288267141,1.2799457147562046,3.241088556729722,2.988523684554811,0.41734677502923345,3.952022924781743,-1.1955775443517198,-0.990326000499284,3.289326451525873,1.51589539268046,4.605853624158935,0.8945432744852941
cell_022,2,2.7882302190944745,-4.542186174796504,-3.5397983203219794,-3.235224138154364,-4.977867733273548,-3.765009311307141,-3.483019457487302,-2.3863557174577172,1.813096354656255,-1.2929330664339704,-0.4629506930534665,-2.0567754595740535,-2.846492185730588,4.14709310836886,1.054090983046241,-0.20573960392287072,-2.748439801698333,3.2423038100583774,-3.3711177754000743,-1.5999993571827233
cell_023,3,5.767957529477598,-0.47597223267146394,0.7114775944947621,1.9607696891789799,2.971833558277718,3.8732587400699483,-1.9329309451153613,-4.887923359117988,-1.9148263114506487,-2.633010411081938,-3.2998674910601764,3.382537201859452,4.867635027683797,-1.030821071782659,2.192919717860363,-1.9191497252142193,5.810152029112102,1.1726507383198008,-2.200752599818447,-3.2571014447721467
cell_024,0,0.7011239177435026,-4.41505354290254,-2.980118128530865,-2.7952613259171497,3.235627909469535,0.5615358792826057,5.526378633525033,-2.877244946508841,-1.7704504828572631,-5.83294084101693,-3.0403577348115385,-0.7713616792066689,-4.945616964689781,-5.076572265460252,1.315882733633648,1.8916999832952204,-3.688869540183136,0.6742017692955762,1.9026172060255626,-4.424422383025814
cell_025,1,2.877937166930355,3.533980397609655,-1.4320232800685613,-3.74294897647312,5.012348718672438,-2.039036916224208,-5.1439881084539225,-3.7912780158344748,3.3350486249077944,1.1703123539400007,3.3716485987918534,1.8890621296626144,0.6995420125409699,6.121314898308276,-2.1008958516965976,1.9103467185195617,3.0998040417382575,0.5718962069629806,5.558845460029206,0.8975387590678187
cell_026,2,3.1420407658221823,-3.887680770709084,-4.065493103516312,-2.009464685056914,-4.622336038500255,-3.745525212386421,-5.4073547989585276,-2.1384317739199705,1.8290468512832587,-1.0391436621102004,-1.5428531729600976,-3.5437432759716563,-3.119710724802525,3.9224174015573796,0.6539096899693492,0.9286903356299873,-3.3069231851940204,1.5744774475483236,-3.551615169924727,-1.8137016132142427
cell_027,3,4.891655582164312,1.8056677649047124,0.7119976249054707,2.2238632094915665,2.1069075398117985,2.4570419165996444,-2.4881277789743237,-4.166067593286557,-3.1238722096012674,-2.195248637188568,-1.92503504531143,4.286208586700799,3.687869775545301,-1.4928556863944107,1.7520812001147632,-0.5039711091865205,4.203406988673361,-0.2894846178438356,-2.977153884732302,-2.6700752121498468
cell_028,0,2.3967656143937583,-4.913228252300773,-2.3845582398938445,-3.1610953160473807,2.994460847592697,1.083251612098887,4.650197433090094,-4.880190389114211,-1.6270067032619262,-4.537276235944009,-2.7094766762825184,0.2915987234447491,-3.8846106064498436,-3.341620265293766,1.8532392521103904,-0.2784390062471872,-1.7882585558339306,1.3986237718950991,3.5235195790608564,-4.784709610171562
cell_029,1,2.4297129630168275,1.7194967005483572,-1.1960712653600691,-3.4605522975111,4.671126452045085,-2.7219101543150988,-3.9276663822975237,-4.586378143778082,2.6082744204727786,0.9135120020532731,1.5860793306537069,2.8561738592630554,1.0438912327000032,4.688408760396334,-2.0096819675579884,-0.23588874359885126,3.1731481997553592,-0.7537894612931815,3.7614504295672586,1.3050670717516812
cell_030,2,1.7962024833365442,-4.937278058971056,-2.5754434366296026,-1.8256051103470126,-3.326758829271006,-2.6573737930191794,-4.541791827129785,-2.5892760056769593,1.50240103613207,-0.10671791030161293,-1.5544089726613304,-3.7469510198061875,-3.0263070756150263,2.689478192146417,1.7441890506107685,0.0022506252441234498,-4.275421140109093,0.7104562881797292,-4.260365766047137,-0.7507140008732678
cell_031,3,3.846150213065757,0.00028372915210472804,0.7121079449223564,1.5732054787499352,3.7742712127143196,3.3524469593887183,-2.7163184247854475,-5.717206222065085,-1.9445094883908325,-1.9223836561229894,-3.3565627297856953,3.2791281451802288,4.645765913427077,-2.1854193065628214,1.2270026430169767,-1.0309111960083976,4.969853783412836,-0.20058567256071264,-2.617779124105117,-1.9880182468475702
cell_032,0,3.1118875788248865,-3.639663441288921,-1.7114096797664184,-3.6657170023974235,5.366359136092389,0.808069179291576,3.624353354233158,-4.690523029088695,0.5207316860711526,-4.3658357452386545,-3.9553202222468347,0.26762262284260385,-4.297115768882212,-3.2664099119804857,0.5226925463436044,-0.13061192833704582,-3.1450729948925544,0.9108420619111205,2.6783766070208737,-4.346836079823829
cell_033,1,2.2982345198858027,0.5962844550749564,-2.189009589915473,-2.366092484777024,4.113605676347262,0.23859256135924656,-3.679354178690633,-4.964377083060821,2.807514706048071,1.231958290783962,2.1291675949159776,4.196980789363459,-0.4304317101675693,5.275912404554251,-0.04655231570835072,0.4330459871285313,2.497357742224742,0.9667444498227673,3.906842121081698,1.4741231268568382
cell_034,2,2.0910919109462345,-5.661934104228061,-2.6871581181967668,-2.6448069012209254,-5.948668900704051,-3.230139286920723,-5.135946245733048,-1.7507804430842686,2.912176245876865,0.1353247151091601,-1.7567573243902077,-3.27884518846374,-1.7791961800497975,5.215574366783231,1.1453629832181857,0.977201306052621,-1.523070038696716,2.2053067643937165,-3.7542322162136332,-1.109514395323557
cell_035,3,5.358995396069838,0.5826841127660636,0.37077519321028474,0.9130540149239559,3.2059083590976365,4.26153873848653,-2.116141537424644,-4.75303216153455,-2.591959139878277,-2.571717607826303,-2.04958490194057,3.9797476951100093,4.9240127907427915,-2.952130276224686,1.3223496183206347,0.3505304772340194,2.5392048821624904,0.5392490517538446,-3.8322999947318204,-2.6057888007129573
cell_036,0,1.2562401938499728,-4.090457655203927,-4.773341333208313,-4.3021404687928095,1.9118991067330995,1.7965109064499023,3.2072221934811633,-4.307305254948379,-1.7297203365957277,-5.023046179436728,-3.4910331709161118,0.248769921844613,-4.2695044229672146,-1.865279442887873,0.9737095416222208,0.19502134743030536,-2.757397437639135,0.6567214250864576,3.052712129096796,-6.184755386441965
cell_037,1,3.355596377184222,1.2492407016412783,-2.363064089217362,-4.715705965003905,5.500932026596932,-1.7465418299114963,-3.1529479802945213,-3.814994886186842,2.112254922437865,0.170303168953019,3.6776283118962896,1.6847716955853462,-0.5099943245529787,4.587654337175874,-1.3562299581214716,-0.2890876065423671,3.033130438039179,0.8024033849734173,1.5450772931406251,1.1756522741300741
cell_038,2,1.3966183890664952,-3.498204623636515,-3.641116631692093,-3.3697990677560155,-3.2519810755743817,-3.9401352290267684,-4.4989251214060415,-1.7423945941103756,1.0931275626001495,-2.676055785426545,-1.1477621411418664,-3.060388021222118,-1.303137728254696,4.837464200333205,3.90892529095518,-0.2254051721136987,-3.3059533206548632,1.4379443866764647,-2.4421746617151077,-0.5479752002207341
cell_039,3,5.498463767606805,0.7781320332726193,-0.026623822560387644,0.22239859976794474,4.796119315425184,3.166574550899508,-2.918207240774627,-3.9321852861284228,-1.2447370901016934,-1.5423798844529948,-4.18900151980594,3.8580283889531524,3.9200298495807253,-1.5688842758471653,2.320174543708281,-1.8505894295969854,4.2472432060276555,1.352801559455223,-1.7976607529308444,-1.8372746157741946
cell_040,0,1.3789181683652647,-4.135790837357756,-0.8065149869506161,-2.6825790287003044,3.3438948655019978,1.0668833715639638,4.393874690353119,-3.407238333548267,-1.3823845065538518,-3.8235284467801804,-3.353817528790433,-0.590638524998234,-4.735594184045467,-1.4660316987522577,1.7461667402534746,1.1980426316757384,-3.3810319566411136,0.9546548033533266,2.1530594707885973,-5.391897501890685
cell_041,1,3.7267050533618415,1.9506761051533963,-0.43645776110485723,-3.607138154850729,4.413781980089857,-0.612709310686899,-4.591434770689064,-5.248647916337504,4.515965200105432,1.3686106144232177,1.339126774681227,2.332941324033528,0.039251315200353465,6.127029367889127,-1.7978493584911655,0.05579186815343129,2.5657259837511246,0.3419526543145094,3.0566722665573933,-0.37521812702128465
cell_042,2,1.2207604571315471,-5.827024352761583,-3.918840218777933,-3.3538603889928793,-4.619007378172236,-3.219041972859893,-4.971162024016104,-1.8376472688834478,1.318383737388323,-1.6972589723061877,-1.6693689520792594,-1.6306260430084496,-2.138370493206865,4.746848538720674,-0.5884781026351735,0.5683224651462592,-5.02541894522373,1.9503045177574825,-3.0673269453063776,-1.7448837961014694
cell_043,3,5.3101205705598415,0.5817976184966329,1.0301399557845026,0.6032550453917178,3.2191686008514617,3.0958448738815223,-2.28078264978501,-4.780808251272436,-0.29369810370474125,-2.654127109828738,-3.250968158112195,2.2214911708215013,5.178823324286721,-2.148419824955517,0.6135742563752508,0.013042568251033781,5.1338807961859665,-0.32482097447316227,-3.499135589922459,-2.1985440823173943
cell_044,0,0.8971543938244498,-5.686509884064736,-1.4150089225939926,-4.473966287620741,2.818442747533771,2.1344789514852422,5.562604319546595,-3.8704726082418968,-2.427526996078284,-5.370924595675879,-2.761886714919491,0.3380037959214519,-3.949987442086389,-4.579364102796761,1.234884628035183,1.225303562914192,-1.5604179431590637,2.3814758974091905,2.7821292248866794,-4.056928197934254
cell_045,1,4.427562392255114,2.939849568596518,-1.0185466251944613,-2.7829674596349685,3.9402232727865165,-2.7918543656852934,-3.2862632232865066,-4.3104896783715985,3.452436798899875,0.5742842721374111,2.7569572592640577,2.4835173826868884,-0.45520658480630327,4.785957649327125,-1.017812327733203,0.4585219761012832,2.699142796406425,1.8144934064571432,5.115178574302412,0.292527084722481
cell_046,2,3.0332886426516135,-3.830344916019839,-4.8436186179250695,-2.715075643936064,-4.710752474431951,-2.0466738957647763,-3.839195401072718,-1.840745497323473,1.865867536941012,-2.0708115821730235,-1.8954302900319924,-3.8832408624557697,-2.46643825903444,4.271263311795431,1.6173181140656512,0.5094639557964414,-2.563393839504582,3.024956632256988,-2.128760015446236,-0.6363992661059065
cell_047,3,5.043642497141406,1.9379367768230498,1.05729886914902,1.3246905899743124,4.460027475267444,4.134813637194335,-1.1279567360310778,-4.6508169937224935,-1.586053164770698,-1.9895041278257786,-2.892208014697209,4.924528156321576,3.666732384080894,-2.008247915013736,2.9615723881381038,-0.911908637471849,4.199084058267318,0.2941339474999526,-2.230931965060024,-2.3004271172927546
cell_048,0,1.3434166433956332,-5.726225641497569,-2.274484188930638,-3.677400428043728,2.5328331221928018,0.8218443036695846,4.655162982288395,-3.531223861226769,-0.556439201344401,-4.782134907770823,-2.4805792283359738,-1.5184457887728988,-5.612096220520032,-3.1306101036246754,1.7750519246292829,0.3858981882698871,-3.599281890300459,0.9994136664559616,2.7313442288031644,-5.789890037937091
cell_049,1,3.32179413039519,1.8134113847854505,-0.6403082942629204,-2.9127793483187174,5.159867789144986,-1.3767212500688837,-4.748683947980646,-4.781337945368039,2.29801718532172,3.340470311719793,2.2077269014216427,2.1294523993738,0.07396958219763017,4.506279542651247,-1.6818966329936058,-0.97426956668426,2.495491652535395,0.07266189946065671,3.515645330312911,0.22616192828618165
cell_050,2,1.495974155034357,-4.369052766924661,-3.187245306571136,-1.3604450546414772,-4.511024059810881,-2.491965753810492,-5.050223080376853,-1.6947655521775276,1.032697728468583,-1.024671743666933,-1.0341861946062698,-3.0436842168818714,-2.156270486472925,4.05830872836271,2.5572416527389383,1.838741140417366,-2.902618109380032,1.3471556474608168,-4.245419586845351,-1.7365348379288794
cell_051,3,4.6992314715225145,1.7584101337323998,-0.14773284116978225,2.7878017669736024,3.4313950627307843,1.1497736957013243,-3.0897729708063606,-6.747145788545042,-2.4468524849237863,-2.761893519805376,-3.378499671792644,4.1688943095446716,3.4483948128209385,-2.3282086748962705,2.7563841825862667,-0.07175919128740593,3.2320033719735637,0.5916384446847138,-3.648292320523926,-3.185414658833827
cell_052,0,2.614422181300421,-6.541535118240499,-1.789878285962445,-3.770687911759559,2.2495120417977965,1.622832305666799,5.279559046412288,-4.779094426892703,-0.8359939497446598,-4.200411953151131,-3.015042245134556,-0.604100980378729,-4.78200012704298,-2.9368143044474593,2.2060887249224668,-0.30502707045061594,-3.154898190383474,1.1510109903784906,2.960570616908368,-5.083236588004542
cell_053,1,3.0445900356687625,1.4247223592927543,-2.23724715612624,-3.092620858994615,3.696050647834496,-0.7017474679076727,-3.8986976356412493,-5.054069104920259,3.701365260046806,1.1710831929374241,3.681011839770973,3.2243975244141825,0.06914562201528779,4.164947473628512,-1.6994414630265413,-0.26446443030846334,2.6968933890650435,1.412799473731534,3.629281653362838,0.38043584678128434
cell_054,2,1.4551137135233045,-4.263447147834191,-3.1222964536620177,-2.938245758197393,-4.323420116848641,-2.8836860148656656,-4.846018740380057,-1.558522883889951,2.0336543865277514,-1.3189632626907408,-1.1933580337039364,-2.48308321248786,-2.3549597573197363,5.07957967283907,2.805160640225523,1.1557044906907898,-2.9364107788374607,2.990029313872581,-3.6364093078196644,-2.108089196177029
cell_055,3,5.620034158642904,0.1449861131439194,2.000566789764118,2.5424892526044345,3.5786721375063566,2.800875862589243,-1.3084329218686046,-5.435978326378589,-2.7736242876680817,-2.8010999800126877,-3.0996095513929114,3.6239217510341213,3.886765123583454,-1.7444652341410216,0.9033009345585435,0.2387611325614929,3.031816745503032,-1.4328597610502605,-2.050302309652715,-2.6997112304558804
cell_056,0,1.7284494685154552,-5.245068944523538,-3.076378638722815,-3.28432739751712,1.8178358960113212,2.186991680896769,3.5378289938693994,-3.521467371712895,-0.3103215265033438,-3.8695507397789237,-2.0930450289037985,0.6810351401994198,-4.118757927953471,-3.4249773087528963,1.2893370644030018,-1.0146869026553829,-2.5621933300789546,0.3536441079670588,3.415540938258699,-4.513025140354903
cell_057,1,1.9765175546518159,1.1703224570874275,-1.8769719034207226,-3.8592855263877395,4.705746869376218,-2.5583935621636504,-4.034798900474302,-5.383624665116553,1.750855375878476,1.6105912253453725,2.0270319414509492,1.8493837008579201,-0.7716094349334313,3.6040610077386432,-1.5337414756732324,0.19230361410628727,4.080116348480338,1.544807132373602,3.408174173243003,1.3796682770961168
cell_058,2,2.9389617365548864,-4.212717777942073,-3.0460701537449846,-1.2912376626840656,-2.7872629298788487,-2.1436636814203176,-2.573444433582114,-1.478984835568091,2.035931309146843,-2.2238273982333205,-2.1890298056085777,-2.944516480017129,-3.6657879346317586,3.89218282673256,2.1742237678269265,0.5591857222540578,-2.862060703094408,1.2102672622555934,-3.7608878761296056,-0.3866932388896641
cell_059,3,5.062043455874191,1.6322236202832068,1.9332765030221652,2.883585311889103,2.7270336793399155,3.8143180086653574,-3.2017145784764454,-4.693069427135513,-1.833299051834128,-1.4641590427441618,-3.793584874882929,4.790585850584213,4.182888168390426,-1.2040105737449047,1.386078015087338,-0.24095120269649484,3.5762407086432355,0.506165523288634,-2.0694062006112905,-3.6537912424303842
cell_060,0,1.720604255252045,-4.606448772750911,-2.534231891870903,-3.3568955033369896,2.1725577761816934,0.6132692636736734,5.274371248315753,-5.033234717760269,-1.309808286352659,-3.7861085671724393,-2.3455955754794973,0.629749178091432,-3.521273542201313,-3.2613376816724506,0.6616484385641854,1.1248291814247986,-2.158571147404462,0.6311453016833137,2.0818406281097612,-3.9436919619562545
cell_061,1,3.5188704288604855,0.8826148125352404,-0.9735317815991089,-4.597986925948088,4.186026369011489,-2.532702109426187,-4.582806024029689,-4.6994850356460205,2.9842950132026966,1.6166714833065243,3.30695550638946,2.8003031485739096,1.2361546133813603,4.432995636127593,-1.1507404813131143,0.9509287110023807,4.659437500609025,1.90446012634809,4.7223099274441065,1.5886932321346026
cell_062,2,2.8915306961279494,-5.969492296178537,-2.0163298881057647,-1.9357804866038912,-4.1587087312474385,-3.093895247041915,-4.330204968527225,-1.8873193778374533,2.0288250535068055,-2.5499066942456894,-1.1237072723036594,-3.3534791152029597,-3.0908639925660175,4.680643697347516,1.2173795869497968,0.5640807121304926,-3.903945547151152,2.5163070584295064,-3.3740056817818873,-2.078757883990518
cell_063,3,4.222435402561182,1.253992414825873,0.8936156858506299,1.0063709050225507,3.819004476241644,2.1007969357721503,-0.5273236013995679,-5.431799850668924,-2.4775699516392837,-2.167388540360053,-3.612076337866691,5.091202127833917,5.204809342132112,-2.163317035302894,1.6926034859203523,-1.4578887224201513,4.1454527846202165,0.7339060606764298,-1.635801376854118,-3.2571048698632716
cell_064,0,2.6309914767514018,-3.8202433845734785,-1.8606121613215327,-3.2952665515672,2.4172781734285755,1.130622121532126,4.295880292786013,-4.383788552364839,-2.5687514261716715,-3.961065360597402,-2.6604578218175785,0.9163393363408997,-4.843584089678362,-2.86085019800191,2.391105293384593,0.7596524631751576,-2.5651923954187756,3.464169616286475,2.959104414121506,-4.799663803396658
cell_065,1,4.445415479267064,1.337387788659471,-2.4302926760082646,-4.590857642348189,4.999060689544082,-1.1335499530761908,-3.479351448954585,-5.115684295702723,4.279630991060108,1.9950730187836432,2.9934336730176536,2.323371039703011,0.9027575371567702,5.024872439908106,-0.7010804958818153,-0.34846253363974933,3.1543487339488214,0.21521883585147772,4.122090564752771,1.19769462238899
cell_066,2,1.9666663695028004,-4.30431677991511,-3.9662303299893065,-1.4197801524692155,-4.575897086701222,-2.568850325657117,-3.097689930719842,-2.825464455518963,2.314631257189019,-1.252417962689583,-1.275638204416871,-2.4600932375946534,-3.3278422454822922,4.8418308191738095,1.529561419430136,1.9203316267538297,-3.4620591430552787,2.0006140220778903,-3.070264540255333,-1.2529398164428562
cell_067,3,3.956058566716952,1.2448314147240347,1.5836014536298149,1.7716595292053925,2.7321512332839117,3.33274871963603,-4.19227421657854,-6.375211361459996,-1.8487897563477227,-2.177851055551522,-2.7138521948356606,3.7148708303972864,3.6432765686185395,-2.972207793489762,1.7300365014935575,-2.3359360730571828,4.026081704062071,-0.2022180252196353,-3.7564988945585664,-2.9517272634689142
cell_068,0,2.024784981710896,-3.51071814090082,-3.4528750469101044,-2.4959578517665317,1.375952641867766,0.6907884727024143,5.198654741899938,-3.59606588502605,-1.424137241010377,-4.526805670555373,-2.300063182952907,0.19858700614709435,-2.9368173082018116,-2.527000180222807,-0.895540918547844,0.21725499597849066,-3.384854753906887,0.7293394165139649,3.1050772838175673,-5.455926743994079
cell_069,1,2.1902584335312745,3.0721183426364354,-1.1196212396612275,-3.981796482092318,5.115850444815043,-1.0939100956679506,-3.0586955972814387,-4.877086892925515,4.0988489669583785,0.5510296380632713,3.9953183898311244,2.143358543181343,-1.4551424715650751,4.759440818742935,-2.6419862455297984,0.3466867719770048,3.2474933383658313,0.8641535109943825,2.4275330948689287,-0.11906167320732264
cell_070,2,1.3700458826832458,-4.7402430522613415,-1.6902174195539466,-1.5388520196795297,-4.579836417555403,-1.6529889720702167,-5.084435695583823,-1.672246915247888,1.2166566824826062,-1.1626183777834618,-0.7874205731946003,-3.4485897055773544,-1.6892952723993433,4.359097888138847,3.409792974135402,0.8479011885016671,-2.2732736487939498,2.8089403203000454,-4.305276195541291,-0.1169477910358061
cell_071,3,4.0469048634643485,-0.3855985377646809,1.2521499865560255,2.7013052181292583,3.4701397067481867,2.551183665922701,-1.4425738407661302,-4.109503101931111,-2.370162258391372,-1.7373648565341973,-3.884804867912897,3.9819227931922634,2.922772238965952,-3.6132350960459103,0.6125526149844203,-0.06581866692930693,3.2672183943158797,-0.8515070981285731,-3.27997728167624,-1.8412391497609035
cell_072,0,1.3952259431126468,-4.357296212918798,-2.334256240733998,-3.7047141922892677,1.5855579051651452,2.436807626470112,3.8758703206347698,-3.511090322727135,-3.310858499553451,-3.813940817068469,-3.2087940034398086,1.7918386781501345,-5.143244369727906,-2.9890083957899205,2.027146480993229,-0.2512213222159315,-2.0974034348218815,0.3764841116748364,4.125587037359155,-4.300447397831489
cell_073,1,3.4547018356289096,1.402038606903814,-1.7659517696910685,-3.2052757151944338,2.9454565296327604,-2.075453986046684,-3.322082763085372,-5.047380849598461,4.498126309521161,0.5346081632395382,3.3298886071761946,1.379186787171597,0.7497835260897593,5.10134006445433,-0.30555706182399955,1.6036623953809097,4.296865595892339,1.3523327106647636,2.636137708417456,1.83253351959244
cell_074,2,1.002410573504474,-4.8927240277119735,-2.1313303562517167,-1.7512742105108925,-2.92762792386392,-2.67533387768152,-5.342040884381985,-2.44047069261205,1.4960928341744273,-1.632165432247336,-0.16822748747913718,-3.1030197814688947,-3.478899619463977,4.739977449619641,0.5622056789467729,2.45122392839864,-3.072538154205425,1.1686404597834417,-2.502461600917502,0.6899516561030827
cell_075,3,3.2919886639359106,2.122456405717692,0.9567195020180768,1.9866867474575378,3.7031819379997115,3.1535076473361507,-3.263923148636672,-3.5502056904654005,-2.9250888482236173,-0.7557405440191229,-1.6680217911650141,3.480189106062697,3.7593561599263072,-0.7173340022997652,1.1615911061449269,-1.1736078251831856,3.8235739790271794,0.522496772278517,-2.8373445375188746,-2.541585398672134
cell_076,0,1.8264403060734165,-4.915973817395232,-2.9428520368521913,-3.8411315003373616,1.1501069907555452,0.8231514740062611,2.545356033858762,-4.7121131040436826,-0.5406099589404447,-4.658751510566739,-3.4749267168961935,-0.7608622832727099,-5.529351153496065,-4.121941911286317,0.5101423155954361,1.0209040650500127,-3.9192829850931754,0.906509517678095,2.5998614866581353,-2.9926568137971388
cell_077,1,1.6206500917083941,2.136034633822843,-1.864495310018277,-4.062109293466121,4.824301085501528,-1.5095868550541172,-4.927665697459512,-3.6918143445912706,3.7862785264098093,2.0848360922644757,2.5833057621138638,3.473673417454618,0.20482702790912397,3.1503477589756166,-0.7961795873368434,0.45513414732159,2.588165877780859,1.9317897987231623,3.239766375697172,1.5870299387278193
cell_078,2,1.979557460058434,-3.9414987747964307,-2.177435034563983,-1.7275860315673057,-5.027714974101687,-1.9363207546614358,-3.972576325880539,-0.618455349982439,1.7397803492800534,-0.7507772230795416,-1.9101046932473453,-3.2298429607631927,-2.252847384045402,3.4301650436419795,0.5441319565345393,1.0044438503497806,-3.3509104771625537,2.452927888966385,-2.4722917551774373,-1.5257154721417119
cell_079,3,5.439934073610966,1.2842893293825646,0.414287906116412,2.051796951649059,1.7743365846744297,2.813084607068321,-3.220125259991719,-5.422868392340608,-3.355062653306944,-2.6769041130166213,-4.392120421635193,5.125195670839836,3.5722304093002517,-3.198878612914556,1.0155667531642585,-0.4397179877982844,3.6695691239532495,-0.6364557190680891,-2.6465449063559894,-2.636345806748623
cell_080,0,0.03445434981882123,-4.786260190127579,-2.696180973278185,-0.4048692071998268,2.194305437676792,1.4024952004366469,4.712577282651378,-4.255437409309973,-0.5781080505490913,-5.40132057884953,-1.5694377956069254,-0.44858685930172915,-4.434360077065867,-2.1057374684277193,1.2552404384741431,0.4492955661402536,-2.3263830858225645,1.4388023695290113,2.2222261787873294,-4.789825819282314
cell_081,1,2.3018972898618926,1.385097785014616,-2.1162077760873284,-2.472422721824358,5.849392589364614,0.45030752622999737,-4.117781900902647,-4.7059617371342215,2.6993582466824626,2.323244944856488,1.8405801734196792,2.043743020151614,-0.09056952214723568,6.131153858998608,-2.0253315070828215,1.4017369825400818,4.344729101967437,1.051781502407985,3.9894652389193617,-0.45745001255841666
cell_082,2,1.9751521126883338,-4.713777807794014,-4.7846833593660305,-1.7738187891905843,-3.917947097310786,-4.026791976550919,-5.119806369350238,-2.8196952851947303,0.9334990168100957,-1.5967709270230814,-2.0646897137483355,-3.711215396882712,-2.0850111844682253,3.986347445874584,1.3949133697640108,0.9075661615127681,-2.922853269934281,2.1678480739170016,-2.6767434870627773,-1.1230467599719094
cell_083,3,5.606460945142269,2.3976633785450248,-0.5988829273427871,2.583738607031524,4.854776920618583,1.9819758130962022,-2.735015846359472,-4.964760836260816,-1.49280237375349,-1.9065977418581372,-3.425608045929147,5.479142361245664,3.0783316153766007,-1.963876354974397,2.3732604798017816,0.5190693241822215,3.7353517034211157,0.21435421544807798,-2.1751649712470393,-3.7996798509374976
cell_084,0,0.6301173772635448,-5.7137090618018895,-2.6523604604721354,-3.101323149834949,2.3870711766445365,2.789150019330073,4.259776621426504,-2.00816154885714,-0.9755241564724498,-4.070625468529695,-2.4820908962084918,1.2588062350965186,-5.037613147238341,-2.3354172159669147,2.8021025835147175,-0.12723547099464783,-2.8554911088879606,1.2961018836945917,2.7464810063400797,-5.6352076563035975
cell_085,1,4.524378915019709,1.7976738663538014,-0.21022036156303825,-3.8519452548693467,4.406459588030965,-0.9963432318279748,-4.237356883408445,-4.751930746414494,2.8990147167507136,1.2553982003430146,2.5383915181963976,2.3677720697905382,-1.4435477663079632,4.28465981920178,-1.3589056333498277,0.11029294836308834,2.4991773479965644,0.47839385982801497,3.6734857157048713,1.963169073053103
cell_086,2,0.926977289723105,-4.762764331395851,-1.9393775613359314,-1.838554080045188,-4.277086136164334,-3.0326612191469158,-3.9793761976756654,-2.301115262323409,-0.39232496659464156,-1.9243047953290016,-2.857861464506765,-1.8720844707119368,-1.6721029742768936,3.7359586035525787,2.124256064110442,3.050228050351176,-3.787074686866,3.3306880650290043,-3.0759709689877837,-1.394804958320388
cell_087,3,4.01050506638695,0.9552575566164723,0.25356742471609334,-0.006477994986910929,3.8528886989005233,2.5026140795950935,-2.3421239067827537,-5.014379342014429,0.5531486753583836,-3.6484189488910506,-3.6366191278865267,4.9932614978720355,5.650450457486806,-2.6471561518389493,3.017758568951516,-1.777304516893868,5.180169596561318,-0.35116583500193715,-0.5671995026028505,-1.108136709154666
cell_088,0,0.8760898478011183,-2.4013312757275305,-3.1490339055021797,-3.018789172578106,3.811034651630176,1.179168389664179,3.40871459283931,-4.026107355861641,-0.4187924659475342,-4.392281957460913,-3.410178133714813,0.21106769365436512,-4.224699976208511,-1.808431016282587,1.7613727683645348,-0.5529687445670417,-2.772859781804625,0.3961819807206117,4.149529293586722,-6.275350400522269
cell_089,1,3.5059790292862205,1.12907690800042,-0.5798491358554834,-2.8282753028928793,4.747595635612142,-1.2301035794222213,-4.34204562922281,-3.4922143976853444,3.4352423176649594,1.6222235191446583,3.1181437532620744,0.3123646786939085,-0.04864523269759058,5.945151600531922,-0.0526240554078341,0.6040456091498929,3.193219780044883,0.9169990126840404,4.121517726468207,1.236751632046551
cell_090,2,1.2624448909720951,-4.012436047820029,-1.7346999546833708,-2.8700122210879244,-4.351553297997592,-2.3012392642070756,-3.4117833319458573,-2.556692048908709,0.9339023714510306,-1.722786488689553,-0.9900042334446122,-2.5616344001327436,-2.3457558146098085,3.2751667127843467,0.6083644029306361,1.6007692834950729,-4.265484088506008,2.4723536099011865,-3.6546131597416163,-1.6872283873185072
cell_091,3,4.91659227545827,2.7410792714940646,0.8005507033999552,1.6096099285981975,2.249821927549374,3.1697898421274564,-1.8001565973969131,-4.193096723589123,-0.9127062336172229,-1.9413126979729611,-3.9327914114031324,4.393137334670846,4.1835706514753745,-1.2764119716405475,1.1599255006861349,-1.0943732659462544,4.438171611231228,0.6055529393113852,-1.5470072935878436,-2.016670266601796
cell_092,0,1.7112460347265903,-5.570117541206736,-3.1304746688230263,-2.8413763421811047,3.1979788481007665,2.083277613014422,4.370672425301736,-5.331856403346479,-1.9501048083523922,-3.806120744391311,-2.8413309946793737,-0.9973974221378472,-4.028906362187805,-2.805194564060769,3.860015797401427,1.4494151638974535,-2.5182359198886464,0.7717691904522633,3.280140973287784,-5.017134139867896
cell_093,1,1.9071551464708394,2.723411645658711,-1.3776088208248654,-5.648970429986976,4.063712141959779,-2.2970480201598322,-3.2878294200630576,-4.068080383746634,4.66486914712779,-0.23595536128985728,2.2106538395517092,3.1509934883177473,-0.16189616650691963,3.8842517264971876,-1.6359933500452761,-0.08745310501060122,3.725508920363447,2.079731612567934,2.3475336182026956,0.5409002572128478
cell_094,2,2.057113465943404,-4.476001255784227,-2.0544127877555565,-2.010242679060883,-4.665922916353115,-3.5616059531421485,-5.449753122990981,-2.51715350684991,1.3683723426153815,-0.6142983054279739,-1.6004056180636819,-1.0459662728804084,-2.39140544835681,3.9798708695988907,1.7848300619712323,0.3148628929580095,-3.121487084946274,0.6399904955155371,-2.825099801651811,-1.152102657682553
cell_095,3,5.063690132402072,1.5238446049409249,-0.4495074175283078,1.1272453948436414,4.681659132369117,3.1556771798455707,-3.1873299045362504,-4.342133117305344,-1.5193007988473177,-0.7590036695583868,-2.0018908554431576,4.758032098532642,3.404328071049528,-0.42626925990590814,1.4731477312597046,-1.7400905272347684,3.169278708669209,-1.101398704564486,-2.6424665303531114,-1.9214037365671115
cell_096,0,2.1248163235859936,-3.8290366208250077,-2.127325460320653,-2.1026985944782415,4.1721646023096275,2.495226410645653,5.20410173667748,-5.339122514579179,-1.3742209636645162,-5.3029197701618696,-4.955247646426484,0.11249549917887502,-3.620681108911916,-3.4398769962348466,1.6551981625023846,-0.23382855138358716,-3.1889758954838605,1.1209047127737026,2.137683949274397,-3.995785978343937
cell_097,1,1.5231851637943423,2.2391812203513104,-1.9906802529825833,-2.2538892058455824,5.181606795611335,-3.301381861931306,-6.0104588517842785,-4.833921360135002,3.0731625613819844,0.8860547611415504,3.095479059435216,2.8361946814295163,-0.7305116559149414,3.2907203179520295,-1.0126870575124571,0.23162150375751805,3.2113479766718465,0.671733646488378,3.4785019917440083,1.9627269754633716
cell_098,2,0.747102126042706,-5.522180522163049,-2.207735961469689,-0.8521941506993,-4.366599356622976,-3.682263822388225,-5.590881662068845,-2.0118300115040646,0.3573610655625937,0.38878493021117766,0.575092499893042,-2.723888657714117,-1.9418524182311976,4.272215683163967,2.3937903814614767,1.0888536744873745,-3.23792811593558,3.3795905893469707,-2.8650290465717014,0.4993394447101389
cell_099,3,3.585769861640137,0.9555316640776781,-0.15362737433983797,2.5195658453594185,3.0336469197357845,3.2418647056934726,-3.644709643657598,-4.754470435920558,-0.007873167606668563,-1.011896663075564,-4.392997111273334,4.72076631474808,4.424758601457988,-2.2479471165970297,0.6724824092153232,-0.5140907458075525,4.2261362414602655,0.03055122075057215,-2.477639483145513,-0.6687927770706912
cell_100,0,0.6631951197869874,-5.146691437654971,-1.8377984509455367,-2.1824992075852747,1.2617412370236532,2.8048450452452522,2.755300921193215,-4.125491993668915,-1.0264031076043865,-5.2681276543727344,-1.9070199082674968,-1.8240893463848113,-5.319266553005906,-3.7338345738883834,2.1987623032458976,1.6897518588430283,-2.175218760757185,2.008884856500023,1.3146611926083025,-4.804132309600251
cell_101,1,1.9517658013937134,1.6814216397834914,-1.4017575159089914,-3.369505320823925,5.672733759487443,-3.216962821137032,-4.74113072601245,-5.217340219959977,2.163911025813287,1.8418838641774093,3.2172178031815752,3.542608894493031,1.3104459846776475,4.785677837341936,-1.9903493327905322,1.3138397472131844,2.7407641900543633,0.22565847130145444,2.696740915379075,0.871007142541544
cell_102,2,3.0581422393102287,-4.499669109860757,-1.741474417651848,-2.0330467099662086,-4.543239244251115,-0.49515214515383255,-2.533150081970125,-2.0627383850819014,0.691088659808639,-2.638901771653415,-0.9771042240516554,-3.109339074452448,-1.9566211300383178,4.6249788539561,1.829374797619785,2.005092148203943,-3.0372376177072953,1.7125127532267626,-3.982413910368846,-0.7389440903952071
cell_103,3,4.037771942868691,1.9746713549979504,1.1408521663213933,1.8110357185737613,2.803380580589451,1.338928131050111,-3.6086912502094153,-5.979741554215604,-1.8241326455396274,-2.6764212699700645,-3.6267007937609375,5.127181520077164,3.867138573089537,-1.8151516491628095,2.0008800773346236,-0.21451903248117798,2.863216707393621,0.15386240311994104,-3.798347774463112,-3.1692317558900718
cell_104,0,2.203984447431725,-4.19691444819285,-1.7179140995149553,-2.6222246940231555,3.495093386652935,0.5343542466042834,3.6776714263965324,-4.092732432424402,0.8474463233632692,-3.8807878806790823,-1.9828781218184761,-0.5555235310600279,-2.9349110599240773,-2.6341768056651578,0.6941048344986155,2.3257022437017647,-3.9371203465710836,0.19769703708930342,2.9071037061790532,-5.719348193445217
cell_105,1,3.4799614753551786,2.2028040986561197,-1.5066881813782198,-1.9301595365298345,3.264955388171635,-0.540945934260137,-4.732263029858618,-2.8631051092767086,4.999114858023711,2.87850274467475,2.918871306167498,1.3667102915807532,0.6246217930141454,4.68846278513095,-2.624935736232197,1.108842303503521,2.5559042670097556,2.3388045830355733,4.389199880179633,0.5484515389329381
cell_106,2,2.0746498517248195,-4.735809954849638,-3.086931884850829,0.3725281616141727,-4.9510377357621085,-2.627821065587515,-3.1968084495052533,-2.527735220502699,0.8540102123519802,-2.4149590482272494,-0.3445620626304735,-2.3353272963365606,-1.9542748883939096,3.15950917688931,1.8832201234089783,1.3195535824398916,-3.5590645387350714,1.1898753427243087,-3.411321148988691,-1.9021192395279054
cell_107,3,4.959261326815283,1.4506696492047362,0.29897082669758807,2.551761280487452,3.375678756971191,3.183268680337315,-2.374797414941953,-3.8724590437406317,-2.6167172759879582,-2.598835117414718,-2.152575958025991,4.551923411890696,4.664320466983702,-1.2570269553218822,1.1986425910525478,-0.3392722371717809,3.939487307173216,0.35380212206344464,-0.8681867911679524,-1.6604493175310029
cell_108,0,3.2258687185505064,-5.991157995860588,-2.68840668862272,-2.9809682886120714,2.044479708493809,2.0649533058508234,3.6273088427442963,-3.2457257338938117,0.007026584780269962,-4.371249076731629,-3.6233908820383047,0.4914519043342332,-4.195208290634201,-2.728515148918731,1.522850051242402,1.5696827044596189,-3.234298404151603,0.5992988612528527,3.6279492557072577,-4.510379364759332
cell_109,1,3.740270538569396,1.7541853278697466,-2.6492596963407697,-4.435270711909991,4.225992549995155,-1.0001144161678466,-3.43873021967224,-5.485565211484419,3.9020602809420866,0.9674790573501814,2.237598036415153,4.049937892050693,0.5734472236312915,5.393089820318049,0.8393641208335816,0.05551078962788547,2.9766144878974066,2.376410050945669,2.5709322233635303,0.8326940096007005
cell_110,2,2.0826904315605215,-3.76561133329903,-2.396704529235537,-2.83666425812006,-3.4242831696331577,-1.9959716064411657,-4.8307889828726545,-2.770506524253064,0.9361984451977592,-2.2711502727571102,-0.4464568866031374,-3.1640039252801624,-2.5524859265886994,3.536341292300317,1.1647227676189986,2.2792713604889414,-2.6899829123899184,0.9973502131582461,-4.157740891142658,-0.6969647701889351
cell_111,3,4.496735824382057,0.9574059511876152,-0.11889628490829796,0.7812872066999768,3.504750700190846,2.455781588666802,-1.797216984145869,-4.73236391306747,-2.6176064298300084,-1.76754683936595,-1.813253711242316,3.8405076119117956,2.4016155412241007,-2.236394030406584,0.47445880215705327,0.269613229080244,3.035280248935366,-0.6736373606138344,-1.1723810146585019,-1.8367549008031745
cell_112,0,0.9833389120899161,-5.376343683914616,-2.394904071695583,-2.9600167805509177,3.5618309847417846,1.643262590773954,2.841819810588179,-3.341993284416817,0.04844451059734822,-4.88346462818389,-2.195920224371236,0.09455013254293967,-5.700078967788245,-3.076483203955072,0.5831020126255493,-0.05790925423156723,-3.5467119779594833,1.1589327372978522,3.2434915274831186,-5.990755889538153
cell_113,1,2.322308500423012,1.9792403112850763,-1.2260004956469528,-3.387412075931419,2.8066951033715,-0.6045305878244251,-2.65469221472933,-2.765802082502857,3.9102268234086948,1.574849022742273,2.5479288616787525,2.4481808016254027,-0.5422223264934714,4.82856591716429,-2.3584105632711747,0.9885677276751326,3.0104018658919265,1.7988526018424265,3.7631280106653127,0.4058739755920269
cell_114,2,2.7203791411231877,-5.480479923983502,-2.9328991622875966,-2.536155771142612,-3.6069022938695596,-2.732503348945673,-3.773970708954226,-1.7998871481915613,-0.5200479390483641,-2.0927327324717364,-1.2054463605774688,-2.0949489726284463,-1.872151570280529,5.415158811572839,1.3030547548573792,1.1718544190584281,-3.688452717702244,1.942730176599552,-4.030324543808855,-1.6400700571690874
cell_115,3,4.742858929119518,0.8787543508611828,0.5907573552140529,0.391235219302855,3.7708662418084726,2.901964588430867,-2.3525362523143722,-5.049795107759516,-2.2520452860280704,-1.536702489962694,-3.01377454708779,6.018336650184336,2.6387821129285483,-2.0511130525996357,0.6524877940984118,-1.6730766554018834,3.513482605767842,-0.7960672963576998,-1.724924646309224,-3.4488401615009066
cell_116,0,1.8822773779063071,-5.9026026518135,-2.574127353727867,-1.7120451235914091,2.7343463729707924,1.9848191426228479,4.4258804195468,-3.66983166183545,-0.27837728850531307,-3.5790973768183685,-3.6443837419000635,-0.0030385067666630627,-4.224825204122664,-2.4119096648950737,1.9452907063208225,1.4946440695686902,-3.1963899759608916,-0.18711931715187902,4.11221410138037,-4.935654836406474
cell_117,1,2.6192433980038135,2.010001628918278,-1.9433158019854717,-2.640238621253129,5.284263968985557,-1.3846682714165404,-3.6398458954247417,-4.006750131473094,4.296150827670685,-0.8533953577725932,2.1367266357614976,2.265373441924636,0.031499003803594716,3.970745200450845,-0.7186813806183866,-0.2623006333555371,3.4679356583643712,1.2846292915596045,3.663226575919431,0.11017361446306351
cell_118,2,1.8911858956306467,-3.5602066106876227,-2.286198567694259,-1.3358493927954624,-4.266145816246748,-4.0339176174379325,-4.363160246208444,-2.3408063210803527,2.3980509723489654,-0.4429151117448892,-0.9583142052790666,-3.590151813165434,-2.2274640076373857,4.157160682835859,1.2855472468055833,0.10449237616701568,-2.9174897957843813,2.267393770564557,-2.7224696070916377,-2.374746676737844
cell_119,3,3.9936481121982252,4.317015485829398,-0.13454266529886705,2.076208734829292,3.7787232944106965,1.974250685044803,-1.3274335948953218,-4.731493652961414,-1.72588548687236,-0.8678821722589549,-3.5229883027629403,4.038984361115613,3.487266025901617,-2.951338326939921,1.7750582277360054,-0.6652378553089371,4.2921318646802415,0.11318280731580255,-1.658675073120318,-2.262762677051532
